lam,offset,auc_pooled,auc_same,auc_cross,recall_0.10,recall_0.20
0.000000,0.000000,0.874209,0.929098,0.874208,0.656436,0.837416
0.125000,0.003536,0.887626,0.927186,0.887625,0.624045,0.835548
0.250000,0.007073,0.889284,0.926876,0.889283,0.616399,0.835353
0.375000,0.010609,0.889879,0.926771,0.889878,0.613826,0.835283
0.500000,0.014146,0.890121,0.926711,0.890121,0.612550,0.835268
0.625000,0.017682,0.890212,0.926667,0.890212,0.611683,0.835263
0.750000,0.021219,0.890236,0.926637,0.890235,0.611017,0.835259
0.875000,0.024755,0.890238,0.926615,0.890238,0.610612,0.835259
1.000000,0.028292,0.890233,0.926598,0.890233,0.610290,0.835258
1.500000,0.042438,0.890211,0.926550,0.890210,0.609436,0.835258
2.000000,0.056583,0.890200,0.926530,0.890200,0.609072,0.835258
